0,OPJU_R_30126.MP4
1,IEGA_S_41738.MP4
3,TRMG_S_107521.MP4
4,XOCI_S_16793.MP4
5,KVYJ_S_24408.MP4
6,JFBI_S_62234.MP4
7,LECL_R_110978.MP4
8,RBZU_S_37729.MP4
9,VCSO_S_710664.MP4
10,BVGA_S_41738.MP4
11,EXVG_S_610498.MP4
15,XJJH_S_58614.MP4
16,GUQM_S_28335.MP4
17,ITYG_S_210854.MP4
18,SFEX_S_82574.MP4
19,YFPD_S_81139.MP4
22,NPXC_R_37729.MP4
24,ZBSZ_S_81139.MP4
26,VYSE_R_10963.MP4
27,IBSU_R_16793.MP4
29,JQNA_R_36884.MP4
30,AWHF_R_48056.MP4
32,QLNH_S_41738.MP4
34,ASOP_S_07187.MP4
35,IXYU_R_904103.MP4
39,PFWE_S_4510101.MP4
47,YKDT_S_28335.MP4
49,LYMD_R_16793.MP4
50,AIZE_R_28335.MP4
52,LXCP_R_4510101.MP4
55,AXPO_S_81139.MP4
56,FZWY_S_30126.MP4
60,PRFI_R_24408.MP4
66,VKJQ_R_470102.MP4
82,GGYT_R_27650.MP4
87,RVTG_S_4510101.MP4
89,HRDF_S_470102.MP4
90,CZLY_S_470102.MP4
115,QMSW_S_110978.MP4
179,ZGYB_R_43142.MP4
