34,ASOP_R_81139.MP4
1,AIZE_R_81139.MP4
72,AWHF_R_81139.MP4
76,AXPO_R_81139.MP4
79,BVGA_R_81139.MP4
179,CZLY_R_81139.MP4
1999,EXVG_R_81139.MP4
735,FZWY_R_81139.MP4
1590,GGYT_R_81139.MP4
195,GUQM_R_81139.MP4
925,HRDF_R_81139.MP4
420,IBSU_R_81139.MP4
1009,IEGA_R_81139.MP4
1217,ITYG_R_81139.MP4
1220,IXYU_R_81139.MP4
1223,JFBI_R_81139.MP4
1019,JQNA_R_81139.MP4
296,KVYJ_R_81139.MP4
459,LECL_R_81139.MP4
1557,LXCP_R_81139.MP4
470,LYMD_R_81139.MP4
518,NPXC_R_81139.MP4
575,OPJU_R_81139.MP4
578,PFWE_R_81139.MP4
554,PRFI_R_81139.MP4
585,QLNH_R_81139.MP4
211,QMSW_R_81139.MP4
1406,RBZU_R_81139.MP4
1430,RVTG_R_81139.MP4
113,SFEX_R_81139.MP4
346,TRMG_R_81139.MP4
615,VCSO_R_81139.MP4
1678,VKJQ_R_81139.MP4
639,VYSE_R_81139.MP4
785,XJJH_R_81139.MP4
1158,XOCI_R_81139.MP4
800,YFPD_R_81139.MP4
364,YKDT_R_81139.MP4
17,ZBSZ_R_81139.MP4
253,ZGYB_R_81139.MP4
